<?xml version="1.0" encoding="UTF-8"?>
<dataroot xmlns:od="urn:schemas-microsoft-com:officedata" generated="2012-12-30T12:04:01">
<PotentialTours>
<TourName>Inca Trail and Machu Picchu</TourName>
<Location>Cusco</Location>
<Country>Peru</Country>
<TourPricePerPerson>7800</TourPricePerPerson>
<SingleSupplement>1800</SingleSupplement>
<TourType>Hiking</TourType>
<Nights>10</Nights>
<Description>Ancient structures; hiking</Description>
</PotentialTours>
<PotentialTours>
<TourName>Petra Desert Adventure</TourName>
<Location>Jerusalem</Location>
<Country>Israel</Country>
<TourPricePerPerson>6800</TourPricePerPerson>
<SingleSupplement>1200</SingleSupplement>
<TourType>Jeep</TourType>
<Nights>7</Nights>
<Description>Ancient structures; desert; 4x4 jeep</Description>
</PotentialTours>
<PotentialTours>
<TourName>Everglades Adventure</TourName>
<Location>Miami</Location>
<Country>U.S.</Country>
<TourPricePerPerson>1200</TourPricePerPerson>
<SingleSupplement>300</SingleSupplement>
<TourType>Kayak</TourType>
<Nights>4</Nights>
<Description>kayak; wildlife; hiking</Description>
</PotentialTours>
<PotentialTours>
<TourName>Chambok Community Volunteer Extended</TourName>
<Location>Chambok</Location>
<Country>Cambodia</Country>
<TourPricePerPerson>14500</TourPricePerPerson>
<SingleSupplement>1800</SingleSupplement>
<TourType>Hiking</TourType>
<Nights>21</Nights>
<Description>National Park; Volunteer in the community; Ox cart transportation</Description>
</PotentialTours>
<PotentialTours>
<TourName>Malaysian Rainforest Adventure</TourName>
<Location>Gunung Mulu National Park</Location>
<Country>Malaysia</Country>
<TourPricePerPerson>3800</TourPricePerPerson>
<SingleSupplement>800</SingleSupplement>
<TourType>Jeep</TourType>
<Nights>10</Nights>
<Description>Walk along the canopy; wildlife; 4x4 jeep</Description>
</PotentialTours>
</dataroot>
