36108,Ali,Jaspreet,2/12/1996,8609382834,505 Perkins Dr,Hartford,CT,06120,jasali@example.com
36112,Alvarez,Maria,7/10/1991,8603053985,735 Oxford Ave,Bloomfield,CT,06002,malvarez@example.com
36117,Sweeney,Patrick,3/4/1932,8605526832,5 Wallace Rd,Windsor,CT,06095,psweeney@example.com
36119,Higgins,Jim,8/16/1942,8603745742,329 Fairchild Ave,Hartford,CT,06114,jhiggins@example.com
36120,Morales,Juan,5/8/1943,8602264954,33 Noyes Ct,Hartford,CT,06112,juanm@example.com
36125,Go,Bae,2/21/2001,8603055494,183 Everett Ln,Bloomfield,CT,06002,chingo@example.com
36128,Ma,Dae,6/7/1999,8604267653,138 German St,Hartford,CT,06106,daema@example.com
36129,Zhang,Guang,4/6/1943,8609380142,29 Davenport St,Hartford,CT,06120,zguang@example.com