<?xml version="1.0" encoding="UTF-8"?>
<dataroot xmlns:od="urn:schemas-microsoft-com:officedata" generated="2012-12-28T17:57:01">
<tblReferral>
<PatientID>36229</PatientID>
<FirstName>Larissa</FirstName>
<LastName>Waller</LastName>
<Phone>860-661-3098</Phone>
<Address>7297 Dolor St</Address>
<City>Hartford</City>
<State>CT</State>
<Zip>06105</Zip>
<Email>lwaller@example.com</Email>
</tblReferral>
<tblReferral>
<PatientID>36232</PatientID>
<FirstName>Maria</FirstName>
<LastName>Marquez</LastName>
<Phone>860-938-1123</Phone>
<Address>27 Frankfurt St</Address>
<City>Hartford</City>
<State>CT</State>
<Zip>06120</Zip>
<Email>mmarq@example.com</Email>
</tblReferral>
<tblReferral>
<PatientID>36239</PatientID>
<FirstName>Betty</FirstName>
<LastName>Gallagher</LastName>
<Phone>860-552-2987</Phone>
<Address>127 Rain Ct</Address>
<City>Windsor</City>
<State>CT</State>
<Zip>06095</Zip>
<Email>bettyg@example.com</Email>
</tblReferral>
<tblReferral>
<PatientID>36241</PatientID>
<FirstName>Jonathan</FirstName>
<LastName>Holloway</LastName>
<Phone>860-552-2341</Phone>
<Address>128 Charning Ave</Address>
<City>Windsor</City>
<State>CT</State>
<Zip>06095</Zip>
<Email>jholl@example.com</Email>
</tblReferral>
<tblReferral>
<PatientID>36247</PatientID>
<FirstName>Lapfong</FirstName>
<LastName>Wong</LastName>
<Phone>860-374-2521</Phone>
<Address>129 Devon Ave</Address>
<City>Hartford</City>
<State>CT</State>
<Zip>06114</Zip>
<Email>lwong@example.com</Email>
</tblReferral>
</dataroot>
