<?xml version="1.0" encoding="UTF-8"?>
<dataroot xmlns:od="urn:schemas-microsoft-com:officedata" generated="2012-12-29T13:28:27">
<tblPayments>
<PaymentID>1</PaymentID>
<CompanyID>ARE318</CompanyID>
<PaymentDate>2016-10-11T00:00:00</PaymentDate>
<PaymentAmt>8345.98</PaymentAmt>
</tblPayments>
<tblPayments>
<PaymentID>2</PaymentID>
<CompanyID>ARM321</CompanyID>
<PaymentDate>2016-10-11T00:00:00</PaymentDate>
<PaymentAmt>475</PaymentAmt>
</tblPayments>
<tblPayments>
<PaymentID>3</PaymentID>
<CompanyID>BAN299</CompanyID>
<PaymentDate>2016-11-09T00:00:00</PaymentDate>
<PaymentAmt>956.3</PaymentAmt>
</tblPayments>
<tblPayments>
<PaymentID>4</PaymentID>
<CompanyID>BAR297</CompanyID>
<PaymentDate>2016-11-09T00:00:00</PaymentDate>
<PaymentAmt>1051.45</PaymentAmt>
</tblPayments>
<tblPayments>
<PaymentID>5</PaymentID>
<CompanyID>CAN374</CompanyID>
<PaymentDate>2016-10-11T00:00:00</PaymentDate>
<PaymentAmt>848.84</PaymentAmt>
</tblPayments>
<tblPayments>
<PaymentID>6</PaymentID>
<CompanyID>CAR446</CompanyID>
<PaymentDate>2016-10-11T00:00:00</PaymentDate>
<PaymentAmt>5237.58</PaymentAmt>
</tblPayments>
<tblPayments>
<PaymentID>7</PaymentID>
<CompanyID>COU392</CompanyID>
<PaymentDate>2016-10-11T00:00:00</PaymentDate>
<PaymentAmt>5657.81</PaymentAmt>
</tblPayments>
<tblPayments>
<PaymentID>8</PaymentID>
<CompanyID>CRO403</CompanyID>
<PaymentDate>2016-11-09T00:00:00</PaymentDate>
<PaymentAmt>4090.06</PaymentAmt>
</tblPayments>
<tblPayments>
<PaymentID>9</PaymentID>
<CompanyID>DUR368</CompanyID>
<PaymentDate>2016-11-09T00:00:00</PaymentDate>
<PaymentAmt>1814.97</PaymentAmt>
</tblPayments>
<tblPayments>
<PaymentID>10</PaymentID>
<CompanyID>GRE364</CompanyID>
<PaymentDate>2016-10-11T00:00:00</PaymentDate>
<PaymentAmt>2210</PaymentAmt>
</tblPayments>
<tblPayments>
<PaymentID>11</PaymentID>
<CompanyID>GSE420</CompanyID>
<PaymentDate>2016-10-11T00:00:00</PaymentDate>
<PaymentAmt>6000.52</PaymentAmt>
</tblPayments>
<tblPayments>
<PaymentID>12</PaymentID>
<CompanyID>HAL348</CompanyID>
<PaymentDate>2016-10-11T00:00:00</PaymentDate>
<PaymentAmt>996.58</PaymentAmt>
</tblPayments>
<tblPayments>
<PaymentID>13</PaymentID>
<CompanyID>KER425</CompanyID>
<PaymentDate>2016-11-09T00:00:00</PaymentDate>
<PaymentAmt>565.9</PaymentAmt>
</tblPayments>
<tblPayments>
<PaymentID>14</PaymentID>
<CompanyID>MCH439</CompanyID>
<PaymentDate>2016-11-09T00:00:00</PaymentDate>
<PaymentAmt>3325.95</PaymentAmt>
</tblPayments>
<tblPayments>
<PaymentID>15</PaymentID>
<CompanyID>SAN481</CompanyID>
<PaymentDate>2016-10-11T00:00:00</PaymentDate>
<PaymentAmt>1516.24</PaymentAmt>
</tblPayments>
<tblPayments>
<PaymentID>16</PaymentID>
<CompanyID>STA374</CompanyID>
<PaymentDate>2016-10-11T00:00:00</PaymentDate>
<PaymentAmt>13555</PaymentAmt>
</tblPayments>
<tblPayments>
<PaymentID>17</PaymentID>
<CompanyID>STE472</CompanyID>
<PaymentDate>2016-11-09T00:00:00</PaymentDate>
<PaymentAmt>5685.14</PaymentAmt>
</tblPayments>
<tblPayments>
<PaymentID>18</PaymentID>
<CompanyID>STR449</CompanyID>
<PaymentDate>2016-10-11T00:00:00</PaymentDate>
<PaymentAmt>2847.8</PaymentAmt>
</tblPayments>
</dataroot>
