<?xml version="1.0" encoding="UTF-8"?>
<dataroot xmlns:od="urn:schemas-microsoft-com:officedata" generated="2012-12-29T20:14:05">
<tblSubject>
<SubjectID>50</SubjectID>
<Subject>Math4</Subject>
<Monthly_x0020_Cost>50</Monthly_x0020_Cost>
</tblSubject>
<tblSubject>
<SubjectID>51</SubjectID>
<Subject>Math4</Subject>
<Monthly_x0020_Cost>50</Monthly_x0020_Cost>
</tblSubject>
<tblSubject>
<SubjectID>52</SubjectID>
<Subject>Bio2</Subject>
<Monthly_x0020_Cost>25</Monthly_x0020_Cost>
</tblSubject>
<tblSubject>
<SubjectID>53</SubjectID>
<Subject>Bio2</Subject>
<Monthly_x0020_Cost>30</Monthly_x0020_Cost>
</tblSubject>
<tblSubject>
<SubjectID>54</SubjectID>
<Subject>Bio2</Subject>
<Monthly_x0020_Cost>25</Monthly_x0020_Cost>
</tblSubject>
<tblSubject>
<SubjectID>55</SubjectID>
<Subject>History2</Subject>
<Monthly_x0020_Cost>30</Monthly_x0020_Cost>
</tblSubject>
<tblSubject>
<SubjectID>56</SubjectID>
<Subject>History2</Subject>
<Monthly_x0020_Cost>30</Monthly_x0020_Cost>
</tblSubject>
</dataroot>
