<?xml version="1.0" encoding="UTF-8"?>
<dataroot xmlns:od="urn:schemas-microsoft-com:officedata" generated="2012-12-29T18:40:56">
<CreditCard>
<MemberID>1202</MemberID>
<CardNum>9876-5432-1234-5678</CardNum>
<ExpDate>2017-03-04T00:00:00</ExpDate>
</CreditCard>
<CreditCard>
<MemberID>1207</MemberID>
<CardNum>8642-0975-3196-3083</CardNum>
<ExpDate>2018-10-03T00:00:00</ExpDate>
</CreditCard>
<CreditCard>
<MemberID>1215</MemberID>
<CardNum>3055-2529-8786-6812</CardNum>
<ExpDate>2017-09-04T00:00:00</ExpDate>
</CreditCard>
<CreditCard>
<MemberID>1223</MemberID>
<CardNum>6334-4300-1000-7219</CardNum>
<ExpDate>2019-07-03T00:00:00</ExpDate>
</CreditCard>
</dataroot>
